{
  "uid" : "330ab68f989feb7c",
  "name" : "TestTodoMVC.test_tasks_common_flow",
  "title" : "Test tasks common flow",
  "time" : {
    "start" : 1482594033909,
    "stop" : 1482594041677,
    "duration" : 7768
  },
  "summary" : {
    "attachments" : 0,
    "steps" : 20
  },
  "failure" : null,
  "description" : null,
  "severity" : "CRITICAL",
  "status" : "PASSED",
  "testId" : null,
  "suite" : {
    "uid" : "5dd58f7591c9f784",
    "name" : "tests.todomvc_test",
    "title" : "Todomvc test"
  },
  "steps" : [ {
    "name" : "add",
    "title" : "add",
    "time" : {
      "start" : 1482594038957,
      "stop" : 1482594039984,
      "duration" : 1027
    },
    "summary" : {
      "attachments" : 0,
      "steps" : 0
    },
    "status" : "PASSED",
    "attachments" : [ ],
    "steps" : [ ]
  }, {
    "name" : "toggle",
    "title" : "toggle",
    "time" : {
      "start" : 1482594039984,
      "stop" : 1482594040149,
      "duration" : 165
    },
    "summary" : {
      "attachments" : 0,
      "steps" : 0
    },
    "status" : "PASSED",
    "attachments" : [ ],
    "steps" : [ ]
  }, {
    "name" : "should_be",
    "title" : "should_be",
    "time" : {
      "start" : 1482594040149,
      "stop" : 1482594040253,
      "duration" : 104
    },
    "summary" : {
      "attachments" : 0,
      "steps" : 0
    },
    "status" : "PASSED",
    "attachments" : [ ],
    "steps" : [ ]
  }, {
    "name" : "filter_active",
    "title" : "filter_active",
    "time" : {
      "start" : 1482594040253,
      "stop" : 1482594040435,
      "duration" : 182
    },
    "summary" : {
      "attachments" : 0,
      "steps" : 0
    },
    "status" : "PASSED",
    "attachments" : [ ],
    "steps" : [ ]
  }, {
    "name" : "assert_no_tasks",
    "title" : "assert_no_tasks",
    "time" : {
      "start" : 1482594040435,
      "stop" : 1482594040456,
      "duration" : 21
    },
    "summary" : {
      "attachments" : 0,
      "steps" : 0
    },
    "status" : "PASSED",
    "attachments" : [ ],
    "steps" : [ ]
  }, {
    "name" : "add",
    "title" : "add",
    "time" : {
      "start" : 1482594040456,
      "stop" : 1482594040581,
      "duration" : 125
    },
    "summary" : {
      "attachments" : 0,
      "steps" : 0
    },
    "status" : "PASSED",
    "attachments" : [ ],
    "steps" : [ ]
  }, {
    "name" : "should_be",
    "title" : "should_be",
    "time" : {
      "start" : 1482594040581,
      "stop" : 1482594040652,
      "duration" : 71
    },
    "summary" : {
      "attachments" : 0,
      "steps" : 0
    },
    "status" : "PASSED",
    "attachments" : [ ],
    "steps" : [ ]
  }, {
    "name" : "toggle_all",
    "title" : "toggle_all",
    "time" : {
      "start" : 1482594040652,
      "stop" : 1482594040741,
      "duration" : 89
    },
    "summary" : {
      "attachments" : 0,
      "steps" : 0
    },
    "status" : "PASSED",
    "attachments" : [ ],
    "steps" : [ ]
  }, {
    "name" : "assert_no_tasks",
    "title" : "assert_no_tasks",
    "time" : {
      "start" : 1482594040741,
      "stop" : 1482594040773,
      "duration" : 32
    },
    "summary" : {
      "attachments" : 0,
      "steps" : 0
    },
    "status" : "PASSED",
    "attachments" : [ ],
    "steps" : [ ]
  }, {
    "name" : "filter_completed",
    "title" : "filter_completed",
    "time" : {
      "start" : 1482594040773,
      "stop" : 1482594040910,
      "duration" : 137
    },
    "summary" : {
      "attachments" : 0,
      "steps" : 0
    },
    "status" : "PASSED",
    "attachments" : [ ],
    "steps" : [ ]
  }, {
    "name" : "should_be",
    "title" : "should_be",
    "time" : {
      "start" : 1482594040910,
      "stop" : 1482594041001,
      "duration" : 91
    },
    "summary" : {
      "attachments" : 0,
      "steps" : 0
    },
    "status" : "PASSED",
    "attachments" : [ ],
    "steps" : [ ]
  }, {
    "name" : "toggle",
    "title" : "toggle",
    "time" : {
      "start" : 1482594041001,
      "stop" : 1482594041128,
      "duration" : 127
    },
    "summary" : {
      "attachments" : 0,
      "steps" : 0
    },
    "status" : "PASSED",
    "attachments" : [ ],
    "steps" : [ ]
  }, {
    "name" : "assert_items_left",
    "title" : "assert_items_left",
    "time" : {
      "start" : 1482594041128,
      "stop" : 1482594041155,
      "duration" : 27
    },
    "summary" : {
      "attachments" : 0,
      "steps" : 0
    },
    "status" : "PASSED",
    "attachments" : [ ],
    "steps" : [ ]
  }, {
    "name" : "should_be",
    "title" : "should_be",
    "time" : {
      "start" : 1482594041155,
      "stop" : 1482594041212,
      "duration" : 57
    },
    "summary" : {
      "attachments" : 0,
      "steps" : 0
    },
    "status" : "PASSED",
    "attachments" : [ ],
    "steps" : [ ]
  }, {
    "name" : "clear_completed",
    "title" : "clear_completed",
    "time" : {
      "start" : 1482594041212,
      "stop" : 1482594041300,
      "duration" : 88
    },
    "summary" : {
      "attachments" : 0,
      "steps" : 0
    },
    "status" : "PASSED",
    "attachments" : [ ],
    "steps" : [ ]
  }, {
    "name" : "assert_no_tasks",
    "title" : "assert_no_tasks",
    "time" : {
      "start" : 1482594041300,
      "stop" : 1482594041321,
      "duration" : 21
    },
    "summary" : {
      "attachments" : 0,
      "steps" : 0
    },
    "status" : "PASSED",
    "attachments" : [ ],
    "steps" : [ ]
  }, {
    "name" : "filter_all",
    "title" : "filter_all",
    "time" : {
      "start" : 1482594041321,
      "stop" : 1482594041413,
      "duration" : 92
    },
    "summary" : {
      "attachments" : 0,
      "steps" : 0
    },
    "status" : "PASSED",
    "attachments" : [ ],
    "steps" : [ ]
  }, {
    "name" : "should_be",
    "title" : "should_be",
    "time" : {
      "start" : 1482594041413,
      "stop" : 1482594041471,
      "duration" : 58
    },
    "summary" : {
      "attachments" : 0,
      "steps" : 0
    },
    "status" : "PASSED",
    "attachments" : [ ],
    "steps" : [ ]
  }, {
    "name" : "delete",
    "title" : "delete",
    "time" : {
      "start" : 1482594041471,
      "stop" : 1482594041651,
      "duration" : 180
    },
    "summary" : {
      "attachments" : 0,
      "steps" : 0
    },
    "status" : "PASSED",
    "attachments" : [ ],
    "steps" : [ ]
  }, {
    "name" : "assert_no_tasks",
    "title" : "assert_no_tasks",
    "time" : {
      "start" : 1482594041651,
      "stop" : 1482594041676,
      "duration" : 25
    },
    "summary" : {
      "attachments" : 0,
      "steps" : 0
    },
    "status" : "PASSED",
    "attachments" : [ ],
    "steps" : [ ]
  } ],
  "attachments" : [ ],
  "issues" : [ ],
  "labels" : [ {
    "name" : "severity",
    "value" : "critical"
  }, {
    "name" : "thread",
    "value" : "7704-MainThread"
  }, {
    "name" : "host",
    "value" : "DESKTOP-ESHV3O0"
  }, {
    "name" : "suite-name",
    "value" : "tests.todomvc_test"
  }, {
    "name" : "suite-title",
    "value" : null
  } ],
  "parameters" : [ ]
}