{
  "uid" : "658a2bbc806d4c3",
  "name" : "TestTodoMVC.test_edit_at_all",
  "title" : "Test edit at all",
  "time" : {
    "start" : 1482594041684,
    "stop" : 1482594042689,
    "duration" : 1005
  },
  "summary" : {
    "attachments" : 0,
    "steps" : 4
  },
  "failure" : null,
  "description" : null,
  "severity" : "MINOR",
  "status" : "PASSED",
  "testId" : null,
  "suite" : {
    "uid" : "5dd58f7591c9f784",
    "name" : "tests.todomvc_test",
    "title" : "Todomvc test"
  },
  "steps" : [ {
    "name" : "add",
    "title" : "add",
    "time" : {
      "start" : 1482594041888,
      "stop" : 1482594042250,
      "duration" : 362
    },
    "summary" : {
      "attachments" : 0,
      "steps" : 0
    },
    "status" : "PASSED",
    "attachments" : [ ],
    "steps" : [ ]
  }, {
    "name" : "edit",
    "title" : "edit",
    "time" : {
      "start" : 1482594042250,
      "stop" : 1482594042599,
      "duration" : 349
    },
    "summary" : {
      "attachments" : 0,
      "steps" : 0
    },
    "status" : "PASSED",
    "attachments" : [ ],
    "steps" : [ ]
  }, {
    "name" : "should_be",
    "title" : "should_be",
    "time" : {
      "start" : 1482594042599,
      "stop" : 1482594042657,
      "duration" : 58
    },
    "summary" : {
      "attachments" : 0,
      "steps" : 0
    },
    "status" : "PASSED",
    "attachments" : [ ],
    "steps" : [ ]
  }, {
    "name" : "assert_items_left",
    "title" : "assert_items_left",
    "time" : {
      "start" : 1482594042657,
      "stop" : 1482594042678,
      "duration" : 21
    },
    "summary" : {
      "attachments" : 0,
      "steps" : 0
    },
    "status" : "PASSED",
    "attachments" : [ ],
    "steps" : [ ]
  } ],
  "attachments" : [ ],
  "issues" : [ ],
  "labels" : [ {
    "name" : "severity",
    "value" : "minor"
  }, {
    "name" : "thread",
    "value" : "7704-MainThread"
  }, {
    "name" : "host",
    "value" : "DESKTOP-ESHV3O0"
  }, {
    "name" : "suite-name",
    "value" : "tests.todomvc_test"
  }, {
    "name" : "suite-title",
    "value" : null
  } ],
  "parameters" : [ ]
}