{
  "uid" : "b8d505440f1c52a8",
  "name" : "TestTodoMVC.test_cancel_edit_at_active",
  "title" : "Test cancel edit at active",
  "time" : {
    "start" : 1482594042691,
    "stop" : 1482594043642,
    "duration" : 951
  },
  "summary" : {
    "attachments" : 0,
    "steps" : 5
  },
  "failure" : null,
  "description" : null,
  "severity" : "MINOR",
  "status" : "PASSED",
  "testId" : null,
  "suite" : {
    "uid" : "5dd58f7591c9f784",
    "name" : "tests.todomvc_test",
    "title" : "Todomvc test"
  },
  "steps" : [ {
    "name" : "add",
    "title" : "add",
    "time" : {
      "start" : 1482594042892,
      "stop" : 1482594043154,
      "duration" : 262
    },
    "summary" : {
      "attachments" : 0,
      "steps" : 0
    },
    "status" : "PASSED",
    "attachments" : [ ],
    "steps" : [ ]
  }, {
    "name" : "filter_active",
    "title" : "filter_active",
    "time" : {
      "start" : 1482594043154,
      "stop" : 1482594043248,
      "duration" : 94
    },
    "summary" : {
      "attachments" : 0,
      "steps" : 0
    },
    "status" : "PASSED",
    "attachments" : [ ],
    "steps" : [ ]
  }, {
    "name" : "cancel_edit",
    "title" : "cancel_edit",
    "time" : {
      "start" : 1482594043248,
      "stop" : 1482594043554,
      "duration" : 306
    },
    "summary" : {
      "attachments" : 0,
      "steps" : 0
    },
    "status" : "PASSED",
    "attachments" : [ ],
    "steps" : [ ]
  }, {
    "name" : "should_be",
    "title" : "should_be",
    "time" : {
      "start" : 1482594043554,
      "stop" : 1482594043610,
      "duration" : 56
    },
    "summary" : {
      "attachments" : 0,
      "steps" : 0
    },
    "status" : "PASSED",
    "attachments" : [ ],
    "steps" : [ ]
  }, {
    "name" : "assert_items_left",
    "title" : "assert_items_left",
    "time" : {
      "start" : 1482594043610,
      "stop" : 1482594043630,
      "duration" : 20
    },
    "summary" : {
      "attachments" : 0,
      "steps" : 0
    },
    "status" : "PASSED",
    "attachments" : [ ],
    "steps" : [ ]
  } ],
  "attachments" : [ ],
  "issues" : [ ],
  "labels" : [ {
    "name" : "severity",
    "value" : "minor"
  }, {
    "name" : "thread",
    "value" : "7704-MainThread"
  }, {
    "name" : "host",
    "value" : "DESKTOP-ESHV3O0"
  }, {
    "name" : "suite-name",
    "value" : "tests.todomvc_test"
  }, {
    "name" : "suite-title",
    "value" : null
  } ],
  "parameters" : [ ]
}