{
  "testCases" : [ {
    "uid" : "330ab68f989feb7c",
    "name" : "TestTodoMVC.test_tasks_common_flow",
    "title" : "Test tasks common flow",
    "time" : {
      "start" : 1482594033909,
      "stop" : 1482594041677,
      "duration" : 7768
    },
    "severity" : "CRITICAL",
    "status" : "PASSED"
  }, {
    "uid" : "658a2bbc806d4c3",
    "name" : "TestTodoMVC.test_edit_at_all",
    "title" : "Test edit at all",
    "time" : {
      "start" : 1482594041684,
      "stop" : 1482594042689,
      "duration" : 1005
    },
    "severity" : "MINOR",
    "status" : "PASSED"
  }, {
    "uid" : "b8d505440f1c52a8",
    "name" : "TestTodoMVC.test_cancel_edit_at_active",
    "title" : "Test cancel edit at active",
    "time" : {
      "start" : 1482594042691,
      "stop" : 1482594043642,
      "duration" : 951
    },
    "severity" : "MINOR",
    "status" : "PASSED"
  } ]
}