{
  "hash" : "9ae4a52f46fbba0c959575303f697deb73e72d63",
  "data" : [ {
    "statistic" : {
      "total" : 3,
      "passed" : 3,
      "pending" : 0,
      "canceled" : 0,
      "failed" : 0,
      "broken" : 0
    },
    "time" : {
      "start" : 1482594033909,
      "stop" : 1482594043642,
      "duration" : 9733
    },
    "name" : "total",
    "type" : "TOTAL"
  }, {
    "name" : "defects",
    "type" : "DEFECTS",
    "data" : [ {
      "count" : 0,
      "message" : "There are no defects!",
      "status" : "PASSED"
    } ]
  }, {
    "name" : "xunit",
    "type" : "TITLE_STATISTICS",
    "data" : [ {
      "title" : "Todomvc test",
      "statistic" : {
        "total" : 3,
        "passed" : 3,
        "pending" : 0,
        "canceled" : 0,
        "failed" : 0,
        "broken" : 0
      }
    } ]
  }, {
    "name" : "behaviors",
    "type" : "TITLE_STATISTICS",
    "data" : [ {
      "title" : "Without feature",
      "statistic" : {
        "total" : 3,
        "passed" : 3,
        "pending" : 0,
        "canceled" : 0,
        "failed" : 0,
        "broken" : 0
      }
    } ]
  }, {
    "name" : "environment",
    "type" : "KEY_VALUE",
    "data" : [ ]
  } ]
}